Advertising_Budget,Customers_Visited,Discount_Percentage,Store_Size,Employee_Count,Product_Variety,Weekend_Sales_Days,Competitor_Distance,Customer_Rating,Sales
87.45401188473625,104,23.496069472704836,1303.0371527639913,5,96,4,6.83775061091934,4.967850988954574,74.46311185733774
145.07143064099162,191,14.050346947289615,767.6689478416581,12,189,4,3.4775939210667417,2.1762698487071113,92.6724263955214
123.1993941811405,269,31.038241507751085,968.407679073194,11,198,6,2.4058591181795976,1.8412742251431746,85.31643519181921
109.86584841970367,416,31.16019623286393,845.3692526418049,11,188,8,6.723462941440398,4.061453455432163,109.63790023152823
65.60186404424365,121,33.880907818086975,809.2792467776396,20,54,4,6.393719045254939,2.012105363681013,66.45265991065135
65.59945203362027,425,13.866803522080906,1456.9411899739553,19,69,8,2.6142040926031687,4.462249532688814,98.91252578385853
55.80836121681995,100,25.58331377262477,885.3257714685722,7,95,6,7.34625231013507,1.4113703686299068,56.75751524534331
136.6176145774935,232,21.85593271750924,1448.0232290306276,8,61,8,5.096547925602907,1.503820785517433,93.24224762356164
110.11150117432088,332,18.609593301105832,587.6819211628308,14,119,6,7.009845324428376,4.916606220402462,90.63362319635988
120.80725777960456,111,18.78850402835547,712.6615902906528,13,66,6,8.536303717931357,3.6953555930800186,80.74611364796172
52.05844942958024,445,20.319838765168807,911.810381000188,19,164,7,2.5275558571923087,4.387548897715812,85.91148640131055
146.99098521619942,145,27.623138742223826,1395.5703753435375,10,196,6,1.17230381197153,2.297317509406072,100.32860206266423
133.24426408004217,133,24.957151456703865,1513.761867631064,19,97,6,8.011923277562081,3.7059349980824177,92.78517261423315
71.23391106782762,177,21.492037819028276,1164.0754501692907,19,157,5,6.487276826373543,3.376967309234389,79.77818117897982
68.18249672071006,317,11.898335259240552,1168.6863718658433,9,101,4,7.296756126599095,3.412600480491788,75.15530817888474
68.34045098534338,400,11.944133601973927,1586.775277097927,7,145,7,8.543394774897783,3.7301298381508863,84.77810542570298
80.42422429595376,172,10.058484765644456,523.7316376483736,13,119,7,8.225298413420504,3.3014366925163943,70.56185702757791
102.4756431632238,381,34.192484705177165,1011.6350367113308,9,151,7,9.648281322359422,2.716249477210664,90.84556351263352
93.19450186421157,348,10.131345463959622,1728.060585678849,9,124,5,5.823415709669064,2.1036907775221874,81.38117313566417
79.1229140198042,146,12.577343650343622,1404.8291153200585,18,200,6,5.396460693939148,4.074325323652808,86.24745564835746
111.18528947223794,220,17.864913920235274,1005.8406991331306,8,192,4,4.616984799016571,1.9050897200127448,83.80626648780253
63.94938606520418,313,30.18575629541903,1858.2871884945107,18,131,8,2.3832193855978407,3.7694172246176567,92.7602263648586
79.21446485352182,338,34.05246964410294,1658.9340911740737,8,141,6,6.153465095938202,1.9333312905973066,82.63448412872046
86.63618432936917,155,29.750338969796402,897.3431708551002,16,53,5,3.493112718933809,3.5013206798178156,74.1269805872017
95.6069984217036,449,27.264005811141015,1467.9347562885755,5,184,6,9.291767609916779,3.9883130685161157,96.60736564534592
128.51759613930136,206,23.032516685339235,1393.626092283435,11,158,6,6.248717238493878,1.8748555556261568,87.00752926165725
69.96737821583598,418,12.16763029655459,1101.781871058474,13,97,5,6.335561624572992,1.2397732034452331,79.47523381415745
101.42344384136116,147,33.95426982509826,1050.434118807201,7,122,7,4.194321947893091,1.5238949719766963,78.6324743972405
109.24145688620425,160,28.959810348642037,1015.340712163556,16,121,7,1.4679041677993674,3.423987869084102,79.89035849438099
54.64504127199977,436,25.973734633356546,1425.73367509347,17,165,4,1.2856938883568976,4.397785624902943,85.86996463778142
110.75448519014384,125,28.975896138471246,1163.6149047210042,19,130,4,4.810016297378778,1.1799872849416975,63.57821341566422
67.05241236872915,391,28.102583231828465,1747.794669877133,6,130,7,1.7610884028751408,3.936605036166585,99.85407950886297
56.50515929852795,356,25.93078949473717,1504.4039242009428,7,162,8,6.461622599861252,2.3652745838002085,85.65402302194578
144.88855372533334,107,34.514420004499705,604.8974085641512,5,145,6,8.928757050756918,2.91411347967809,83.83123092246166
146.56320330745592,212,32.584095315900626,1460.2523357422492,10,121,8,8.9462333486685,4.7154381993822625,94.46264329587706
130.8397348116461,454,26.166622977929084,906.7211547502773,15,196,6,6.931408691190091,2.327886018943382,99.28392519758243
80.46137691733708,352,27.329380286423117,1389.217987480134,15,112,7,2.901086483256379,2.861347735757944,92.90367804738176
59.76721140063839,279,11.28989516646775,1520.197896655177,11,87,4,8.766971482229849,1.0547296590427244,68.19147186614667
118.42330265121569,306,26.74793661375098,846.2437837310181,15,116,4,8.974840917818874,1.3263948800193535,73.34012233772373
94.01524937396013,402,11.104135942752505,1185.287967320553,15,118,8,2.769882264576628,2.034366364539136,102.13949141973856
62.20382348447788,226,24.706593924248274,785.4872942286017,6,62,4,7.636834771936095,1.1114089632842976,68.50711427855722
99.51769101112703,155,34.98383748914587,578.5083136797625,12,80,7,3.5786759403441066,3.525501304193004,75.98900836752475
53.43885211152184,313,23.89516453592949,1067.7146352288037,18,163,8,8.223762811176368,2.70559342720649,83.91487690285818
140.9320402078782,113,21.830252952033334,1044.416407768988,10,71,6,9.975141099132424,3.192580810912088,78.85723510494236
75.8779981600017,127,17.82137141263969,1993.2207360563855,18,142,4,1.2702340479645353,1.6985887435853182,75.26498658189279
116.2522284353982,177,13.013064469661611,1169.5285267964632,8,116,5,9.076292792118387,2.1837281177464645,86.28265476622924
81.1711076089411,315,28.275591786457042,1000.3543242083006,9,103,4,6.603674802387922,3.6552978994109004,71.30723793311577
102.00680211778108,485,14.814975694640761,1370.7125100750118,12,187,6,9.760443572483391,4.8612108945216,99.59466461171634
104.67102793432797,464,12.88205053118211,633.1510911616526,18,91,8,5.185085657737848,1.2016670944088368,91.20633204776026
68.4854455525527,253,20.54406649326281,1942.4986039322198,7,113,6,8.626491375142365,4.561537283421064,94.25249357186641
146.95846277645586,113,29.883545948977435,1452.4400683865497,7,175,5,1.561546617384495,3.307524805244834,95.97166740703193
127.51328233611146,286,28.62661370300551,1632.2567299112716,18,70,7,4.017511450704662,3.255678267022495,92.42923707249163
143.9498941564189,411,11.372065366161873,755.7169072608763,19,84,4,1.6031488397608897,3.0011141408310413,96.60125709711949
139.4827350427649,470,21.3785921259039,1114.2167795078058,18,79,8,9.778088201311634,1.2775763436167336,101.42798359462087
109.78999788110852,106,23.060864401779224,1134.0336700942844,15,106,7,8.352765165446531,1.3595074069446427,75.42536327201128
142.18742350231167,102,26.113666265645556,1732.7096658516302,8,96,6,8.672926791213735,3.4036480226363444,92.36582617286052
58.84925020519195,210,26.254183761080704,501.8550196391142,5,68,8,9.441687082905048,2.363834285742233,57.73510900478966
69.59828624191452,337,19.117431236432644,951.2796625298827,13,163,7,1.7659313750780683,4.669072266310723,86.26619627972406
54.52272889105381,462,24.01692985008785,1971.8545615164558,12,57,8,4.47037833262,2.626362149437889,98.27641325201527
82.53303307632643,338,22.026547096102163,1212.329815259328,12,75,5,1.639314001396019,1.5731258348105643,86.05703257219511
88.8677289689482,373,32.124958913082025,1073.7894203660123,18,162,5,2.8971379139502575,3.858875334008144,93.53021496734513
77.13490317738959,393,23.256628315872504,679.7435030264695,14,120,4,3.0642919933390513,2.1734136857640394,78.17279887068693
132.87375091519294,326,21.025804043704042,1961.2469429420235,10,79,4,5.221964899428208,3.1018812294235727,98.16287365782992
85.67533266935894,470,20.11213624204627,530.0395338887367,11,184,5,3.4170595070827834,3.79133114202068,92.00284363934995
78.09345096873807,114,24.310693985836643,1605.7703375108647,10,116,8,1.9088029613598498,4.601056444808282,85.54467829700387
104.26960831582485,291,30.09942448502244,1652.8997071827625,20,114,5,2.5074198018469693,4.168764779206704,92.59744311378212
64.09242249747626,218,23.460037259519687,865.4850740958,13,85,4,2.3254800719688182,3.7054442714908964,66.3999995536781
130.21969807540398,127,26.541379377013538,1507.3376654195558,7,74,5,9.757691181210685,3.7185327295805743,76.31148696835297
57.45506436797708,301,28.446394172663126,639.3937165690849,18,86,5,7.833632562266263,4.783698576128346,83.3280744201229
148.68869366005174,138,23.004202746968296,885.5708996481198,7,50,8,9.709853187426058,2.183296389986144,86.44284336750987
127.22447692966574,372,20.67042641637161,1681.8529824383975,7,192,7,4.957664378571177,1.0044483767847496,98.36809300033548
69.87156815341724,330,31.916634446561236,1797.0292880503105,14,86,4,3.5053163349639096,2.0878182375927947,83.71028583772589
50.55221171236024,185,20.437652100697303,1412.729618989687,7,190,8,8.18463877488268,1.871565518506976,70.21266535217447
131.54614284548342,225,21.54857126438969,1260.2576477307239,13,185,5,3.936285262370321,3.6473383404559927,98.20938176048078
120.68573438476172,399,34.75853283354443,738.9560309284705,16,182,5,3.6944503633481345,3.534846399062116,105.63719562691537
122.90071680409874,124,10.005938089397114,594.6635496187253,8,177,7,3.0925539298704807,3.3738455308188953,76.34182214301157
127.12703466859458,244,14.636822739418061,676.4735427103379,17,176,4,2.167110804018118,1.0649737728378148,87.21229438170923
57.40446517340904,112,19.599097247993143,841.0359501441482,11,50,4,3.3081675491508937,3.91511221780259,64.06736749874678
85.84657285442725,311,33.31474773563132,1012.5117528453812,18,84,6,4.1978777362649895,2.294121649941966,83.6830666551015
61.58690595251297,124,11.750742643686776,1071.3642882664808,19,153,4,7.065947873311574,3.6602239560265244,76.47464372708296
136.31034258755935,167,10.237135840712451,1019.4826528835054,13,72,7,1.5630835799750642,3.2263137140086133,88.29086566473397
112.3298126827558,493,11.317095899430715,858.5829982958984,15,58,6,2.8945624569880866,2.3709237017116287,96.26989048065562
83.08980248526493,166,12.213585265340454,1264.586370127547,16,83,6,8.281212762625088,1.538305068416431,74.42255614494005
56.355835028602364,332,10.939919330156522,1737.9291623493452,11,177,5,2.3222973122539368,1.3776755906419238,74.1506562540892
81.09823217156622,208,21.99453317141262,919.5553077072188,13,53,5,4.083806318702694,4.326073332448894,78.52695207765345
82.51833220267471,245,24.518930180683192,1913.5805286533496,16,151,4,8.78193029672326,4.673590168326232,86.30411981122641
122.96061783380641,210,16.792174276725103,1810.0049925857718,7,124,6,2.394327800290984,3.5991521870571983,87.34676569353232
113.75574713552132,327,19.95718459939089,742.6463170281644,19,148,5,1.744631520563709,1.4137364594419335,84.0528028136832
138.72127425763267,210,12.292483377785754,1679.4139351356419,8,121,7,5.3608419557200975,2.608108867552963,91.49649494972267
97.22149251619493,133,18.409261595710554,1361.8810734766498,18,52,5,3.7217756015068275,3.915756800420629,86.61407389331603
61.95942459383017,210,23.062979790863075,1349.8630432571279,12,191,5,6.070675280354687,4.119283536040273,73.50109468181665
121.3244787222995,363,28.306795179616127,1086.5641445872616,10,83,6,8.234244014351276,1.4728744891643544,84.65060648420094
126.07850486168974,468,10.08365905107448,1251.7294987730147,9,94,6,2.2343363933746883,1.0001228753815297,97.78138072199131
106.12771975694963,335,21.682769163441314,1095.7681661438164,17,110,8,6.226291760988564,3.84854818352242,88.35648415895155
127.0967179954561,182,17.425071911372054,1309.5989281399143,8,132,7,5.549578843508775,2.4263847039448225,83.68078626660116
99.37955963643907,141,31.320545542297534,1441.9250791589538,12,172,6,2.2967090741187963,2.017925326473041,75.08232971232768
102.2732829381994,200,27.888832880856047,1511.4557096135727,5,151,4,6.615986369760842,1.0515898791581018,82.27334084532399
92.75410183585495,105,24.727713361772373,1298.7217888391392,18,65,7,3.462763760746945,3.1611976270459987,79.54500736325721
52.54191267440952,279,16.931641142419338,1582.1331009930975,13,115,7,5.390508866896113,4.404602941703927,84.7072398840034
60.78914269933044,381,32.75847755143836,711.9170739132587,20,194,6,1.7404509184935568,4.830526585090352,93.8537263440319
53.14291856867342,419,11.12751693050808,817.9737363533578,5,168,7,5.136256514922607,3.262979802453157,76.57755969949466
113.64104112637804,325,12.73668996697788,1728.102506111405,12,173,6,3.758171212385383,3.0578453109595767,96.26957225557389
81.43559810763267,414,19.790753513508903,983.7919667696228,8,193,5,8.401430900668188,1.3402255419569644,75.76221027762477
100.85706911647029,464,13.110938932421409,534.3407374641804,13,151,8,1.5128085429763145,3.195491206170399,89.2879746270516
140.7566473926093,328,33.910392438985625,730.6867245020467,18,115,5,4.76746547426497,2.5199163158615785,88.50242139200218
74.92922291488749,476,29.949733053584584,835.4216517444669,15,62,6,5.1258828171829425,3.4285411235343077,86.70672329008946
91.03829230356297,388,16.474566290045342,1935.9843318418807,9,160,6,7.5250546866920685,2.554905391506187,92.93826417693697
125.55511385430486,249,24.713855724331133,1359.562143396274,7,83,5,6.168588175811899,1.961196493801467,87.16928943144572
72.87981654916224,376,34.558262877002036,1899.0961107143821,13,88,4,7.0049110347476296,1.379861100913506,82.28393264892017
57.6979909828793,297,32.104974453287575,1362.7450257449373,15,185,4,7.993443570865805,2.259673778355583,79.54833505021963
78.9751452913768,169,25.01996116105495,1219.0316602067778,18,169,4,8.759826762923698,1.3865793371510091,74.53559352690495
66.12212872540044,211,32.59309917938177,970.5915367911441,18,175,6,3.8248794705022346,1.7075878032959357,73.80327598810914
142.9697652342573,103,34.72962274533397,1409.5564166500635,13,104,7,5.842204348275127,4.949344634318184,90.74644372029238
130.8120379564417,449,28.583820572340603,708.7970369262948,8,76,6,8.5609727059528,2.7764142276264745,93.17649727996186
113.34037565104234,430,11.624660237072352,1847.392440939059,15,167,7,9.905060178685508,3.127487066020066,102.43232229095143
137.14605901877178,417,20.03950591063719,1743.9986077119256,8,102,5,9.005673799393868,4.494474114948861,105.25101894850587
130.36720768991145,449,30.945643382081137,976.2971718151056,16,88,8,4.343205363619392,4.982275601962751,115.5832582977571
68.65700588860358,194,15.764229895125474,1929.1962914019414,12,114,7,2.756498654967854,3.330857797378726,86.30643859066477
139.25589984899779,251,30.766062943765615,1737.8011511233522,6,194,4,5.404532836659299,4.249895284176686,95.1371691190327
103.93422419156508,410,13.008469050874899,1499.4603287525597,13,62,6,7.67477306652438,2.307764097346701,88.04598863264702
130.74401551640625,236,11.173633928695326,682.6428666879121,17,70,5,5.433121636779679,2.2229758297891644,77.36097784761049
139.60912999234932,346,19.60226528728124,1217.3510345721083,18,196,4,5.3486277698230165,2.610814883978241,89.90904722040844
81.80034749718638,486,10.91829843566534,1259.1613322701264,10,102,5,8.544073789736206,3.6900290506945965,94.65525191395405
61.00519245276767,342,33.93175657458314,848.8270375480702,13,68,8,4.252634011604677,3.728766757020395,72.60730693495219
72.79351625419417,130,30.655142394849147,619.9480915389529,12,106,6,8.73815207330481,2.2609577385978032,67.637061934853
92.71077886262563,139,30.019242178246877,1665.085445707539,19,74,6,4.661243208565512,1.5328396965465148,77.71967270285933
131.80147659224932,328,25.74444807490383,683.0525781865925,19,80,8,3.9540979511050547,3.5295850258620343,93.98536091085712
136.07305832563435,135,15.408100575913839,1391.436125842662,11,130,6,5.085909200797291,1.513303448755058,80.3134970705344
50.69521305311907,322,22.956509166909804,1904.673760825491,20,72,7,7.862022628073816,3.3139700329173203,95.4476831855776
101.07473025775657,105,24.931851810758523,1814.1577888970637,17,81,5,2.1340182507759486,3.773688512225236,86.88165502908917
91.7411003148779,421,23.125787521506705,916.6289356238917,18,123,4,2.7677729428481563,3.8024459855778066,94.90998629631096
72.21078104707303,319,16.505834198788182,1777.172956326898,5,59,8,9.563003430967827,4.013888442638387,94.2433786553353
61.98653673336828,174,22.881198107868148,500.4987591807341,20,103,7,2.5794246464322166,4.491437686262659,75.46060516868906
83.7615171403628,103,22.279658521715664,526.5317144198858,18,101,4,6.109545861379491,2.9998359678591537,59.782366575195496
144.2909703912519,434,34.9083943951681,1403.8297457642975,16,197,4,6.213830199957441,3.9209967581182847,106.45919564108915
82.32029320207553,233,32.4359037011551,1047.1973287167943,7,163,8,5.406620158452203,3.476690941463347,79.72845403356814
101.87906217433661,217,21.584518705390497,1079.6912617387206,15,63,7,6.802707237191367,1.7465597591907303,78.01542201314285
120.30189588951778,468,25.573434573377966,1346.6616360183239,20,159,4,3.068440532178566,1.1027585794776327,98.86251692504413
86.3629602379294,193,28.696790102305712,787.6736833877908,18,102,4,5.973960409990734,2.138165542707735,71.72758056165313
147.17820827209607,161,10.871629005845623,817.6330259982176,6,128,7,4.349559297222074,2.7721348253504776,87.0391706221773
146.24472949421113,293,32.373036030696,1226.902380528297,9,71,6,6.955005336662701,3.468423777714625,98.77113966319513
75.17822958253642,434,31.503170410448096,1631.3803165157947,19,79,4,2.271011890358345,4.3998373220128215,96.47320894022423
99.72485058923854,302,21.435802444342684,1429.2466271113815,9,53,5,6.137896751555286,1.7849828668246626,85.25937858180707
80.08783098167697,491,19.779244152009497,946.0325723552584,9,108,7,2.6674331984499133,1.5021991595939084,86.2896987803746
78.48404943774676,125,16.823984371407875,1145.5057662633817,20,57,4,3.5077875680353277,4.85391978989731,82.75211091108343
53.68869473545328,272,21.916920708259212,755.9971378249976,8,61,8,2.968388202912249,1.4321782375056284,68.26200832863344
110.95643339798968,399,11.10941658833092,611.9447215056225,9,168,5,2.645540018819354,2.9139642804287567,93.42276652804723
100.26790232288616,232,31.304838333675193,1674.044061116224,7,83,4,8.431398564046003,3.3422549151732075,76.3729799985718
55.14787512499893,425,10.885559210463626,898.0811137822918,16,131,5,3.571368108948013,3.165497683629753,79.91221710960033
77.86464642366114,217,18.226284134246775,766.6495817768723,5,147,5,9.344114036780043,1.3441286281317728,64.21336288573113
140.82658859666537,423,33.28973720797475,1537.427083353979,9,176,6,9.729338728106718,1.2281076560144775,102.22506719538833
73.95618906669725,374,28.38031636308632,1427.077511430779,17,124,5,6.1413442294338765,1.4219337098441427,89.76232388502133
64.4894872091223,311,17.03477401443817,1449.7844390201963,13,154,6,2.2870101039915376,3.34235073549045,79.92343963715774
98.94527602775631,324,16.316227349022128,843.3419072699204,17,98,7,4.370934190416231,3.1773795505372844,82.2434738088046
148.56504541106005,119,10.12705349545065,848.9683078440215,13,128,6,8.179590370133926,1.934963168146977,73.3959883228431
74.20552715115004,212,27.392857321243753,831.2039446784587,8,142,8,4.306516558273634,3.5510965673823662,85.28228645075897
117.21355474058785,239,11.219589541829327,760.6288934934418,7,67,4,1.7831549647250986,4.2802700082225975,82.71794608530318
126.16196153287176,146,23.315062985019054,1483.5855088424846,5,145,7,6.011064198353692,1.166315839386375,78.5049972308114
73.76375439923997,100,34.05304931480124,1772.0238278741022,6,87,7,8.606087663464313,2.9925197741921696,74.38481543694097
122.82163486118596,189,12.736721501361348,1586.4762045149919,12,136,8,8.163337484291521,3.757241648410761,98.81438270050647
86.77831327192533,241,32.36199827420168,1688.1404506408148,20,137,6,2.576108261173179,2.0092477082787483,88.6031121226281
113.23058305935794,419,34.7868833786262,1107.1976436277996,5,99,4,7.0548815297122,2.2310836211725964,86.87556717454542
113.35297107608946,137,11.537925655980876,1481.1136930579971,12,57,6,2.984538370920824,3.4545516119575352,80.73587421573532
103.57746840747585,392,32.07265672843653,1031.354360667162,17,183,5,2.96386781096955,4.591741173774947,92.67288983398176
59.02897700544083,481,22.901975511090416,1288.2569329529601,11,118,6,8.866645959746666,4.239697681211597,95.65125371649245
133.5302495589238,238,32.6628429861145,1222.4522698022934,19,170,7,3.2470205746620713,3.332520876398334,107.10789631759508
82.07800649717359,455,24.282973547989354,765.3307177157816,12,113,4,3.369226118662101,3.920886871028997,82.33839450018166
68.65185103998542,432,26.552800252664117,1080.6181405034463,16,188,6,1.005880516851696,2.4592898808311947,97.7921827876251
54.07751415547639,358,23.594472699934983,1945.7334132235264,10,170,4,8.83602130712966,3.563862112395031,83.20505072309875
109.08929431882419,260,31.612322007683712,872.870386572413,16,114,4,8.133353318882213,2.864726364510228,84.11881097668113
117.75643618422824,489,28.347747973842544,700.705604419233,18,156,5,6.645960415816102,1.7597445458302436,101.11069598624672
51.65878289278562,277,23.031507804510372,1127.870932435903,19,196,5,7.752391875449581,3.8069530955090287,77.89594395814231
101.2093058299281,109,31.704020101288673,1685.5066037902222,19,186,7,2.3684371068204264,3.225858549395288,89.26511815806029
72.6495775197938,360,16.132138306383364,1373.2223446699584,13,149,8,5.124912351288179,2.4344863278143656,93.06727408022225
114.51727904094498,237,13.93351649256315,1521.4622408573669,7,131,4,4.160974486139028,4.645356760314523,83.74189195839728
67.43664290049915,271,14.010002633251801,784.5422722620158,14,192,8,1.8439887363131484,1.083736471306933,83.30453702970462
119.09377381024659,485,18.350221968630947,1428.4222895115822,8,100,7,5.375174366934317,2.263092604997984,101.64064484276997
88.67353463005374,112,15.967250782525438,985.2505923672106,17,190,4,9.286656853083718,1.2275255911105862,64.60690814284384
143.67299887367346,267,33.252258762743466,1751.4550489321512,10,132,4,1.3605320714562503,4.066109264886508,98.99549061779616
63.75209441459933,229,12.6458523457146,1443.948209016104,12,161,8,3.623148221444145,3.8084298164551704,77.6124591706988
84.10663510502584,183,27.474768450989693,798.2844166629438,9,105,6,2.867868425851331,2.325408874945268,71.0376707365785
61.34735212405891,420,14.730538494625147,596.9250197661293,7,194,5,3.1433198829912667,3.702651608828292,78.70522893812455
142.4693618278563,418,32.040928319258754,563.9498139305491,10,109,6,9.175910966914378,2.5837489047837994,87.69053800435562
137.7339353380981,200,34.03288220462268,1057.112851475211,8,169,8,5.212621488108611,4.025015165689737,94.51759850951413
75.79416277151556,428,21.63675021924959,898.7767049814702,13,187,5,5.196694716458369,2.8167346509468243,88.24998199233472
115.99840460341791,372,31.97678700570329,1469.135185193762,17,72,6,7.8451807820975406,2.649118911326662,95.53699822479898
131.7222200201216,364,10.128629268867869,1249.0007524679274,7,198,5,2.390429836044332,4.738919661953204,103.20356799407097
105.52008115994623,498,30.498672935202503,899.0289170080711,8,62,4,5.385388186900457,2.003516399562801,84.9628114863689
102.96505783560065,137,15.715629038123087,723.8566669252642,11,150,6,4.869866927089538,1.4817893599862617,77.09870021771253
74.18522909004517,193,32.717532731734195,690.7996440311744,11,73,5,6.372196214919905,3.3381724530378327,71.0261158589842
59.31027678058992,194,10.028002787002738,1796.9905882106266,16,157,5,9.996019329253947,4.877287249136716,88.4576121993447
139.72157579533268,404,23.904543375993924,865.2169526073009,16,60,5,7.925040046738424,2.5113568549087466,105.8182192703809
140.04180571633304,168,28.915895094623366,1477.5659718664524,8,66,6,4.580791327156845,1.248147054515126,84.65029085532889
113.31014572732678,417,16.4672082674477,1716.0288919793993,10,74,7,8.447977470466423,2.35722106923827,95.64417291074018
83.90297910487007,335,14.828321614682327,1421.1219667771043,16,143,6,2.5363752698123214,3.0237266172782338,89.43270264012001
84.92095746126608,433,12.102455611699616,1789.3478474704186,17,70,8,1.274173176780641,1.6476920265288548,101.87472424367235
122.59556788702393,472,18.160839412582327,1088.5905822927118,7,133,6,2.8400353521784574,3.632408872225968,107.0557532623283
139.71102599525773,475,23.996107807720737,1934.3332859734226,10,189,5,4.063704005028336,4.990997556040803,112.40124952827625
138.70864242651174,236,12.896096419506442,699.7175062671454,16,86,4,5.595226817136039,2.8069579039257753,85.07103692159833
127.98755458576238,175,19.41738404966997,653.2242944863071,6,91,6,6.536162264870798,2.4189142269208506,76.33160313911
114.20316461542878,134,10.226810116318124,1488.0382193111654,12,194,6,9.195451454929795,2.6028166673378665,85.62214924774301
58.41399649950488,100,30.466985512496045,1914.2467121198927,6,150,5,5.588686085954119,1.4605847135808046,78.8460798235725
66.16287140946137,395,13.211217952329784,1713.325192454492,15,97,4,5.511480801631564,4.533094405704896,88.9857552250991
139.85541885270794,419,17.08357370663954,614.6252891570772,11,152,4,1.452187088406839,2.659302622085408,85.35886739937506
110.64290596595899,159,10.460692968455437,919.0515709020746,13,77,8,1.3142039739060143,2.5490976456993653,85.91576788790528
50.91970516166297,419,20.806019597312808,1895.4783272567354,5,90,6,5.960439657247349,3.6387610917218973,84.6031025264241
60.14715428660321,448,31.00303756853047,879.5876492011769,12,148,4,4.9436075192351,2.768133683724494,81.23449602919801
116.35017691080559,427,19.803780286129914,1671.7556356803789,11,96,4,8.552623554822688,3.592933875231384,101.38267992498739
50.50615838462187,366,14.487433085595836,1737.6982938930557,10,195,7,2.4461162624066066,1.24578516052315,87.38244438191305
66.08080514174986,460,28.84247085126298,1243.1781551914728,10,154,7,1.2247449590534463,4.25489337488891,95.50100380787687
104.87337893665861,328,29.720174546768607,1079.523364772473,10,173,4,5.0413489113711325,4.76201581151761,87.72587549479137
119.18951976926932,369,14.343836882689171,1175.1866486296394,13,62,8,3.1373070107703174,3.595061544637544,83.73615481093412
115.19612595026005,415,29.271352713524745,840.4470415480462,6,190,4,1.446529360049537,4.8182637154352435,99.12569770651167
72.42693094605598,385,33.682447206408455,1834.0863741932665,5,149,5,7.52138458162866,1.6057292574798532,85.61050237980125
121.2179221347536,390,14.159439673306808,1175.929485094637,17,80,6,2.0043369996152274,2.9096647579214148,105.00266565304162
73.72490874968001,312,29.274607313303388,1823.6891606841498,16,179,8,6.474875500069945,3.407226935781789,97.4564903594458
82.53996981592678,264,27.714300115065733,658.5402198594111,10,65,5,3.529447751502002,3.3269465896847468,73.04836861423033
124.64914051180241,104,21.839347210877214,1982.412906500197,14,186,8,2.561464453195198,2.605847116356173,101.32320433644514
114.96328990472146,438,11.448011513969957,1164.9096311654275,15,122,5,4.417763706273857,2.3523376374650455,100.37799589557969
134.9223410494178,478,11.86736044394635,571.7462305911582,12,103,6,8.213011986006583,1.5072960902016752,90.26159367582746
115.76128923003434,177,31.31036647996619,557.0327723561824,7,149,6,4.528842192141154,2.5669698022491128,83.6213650538591
106.83086033354716,161,34.75370931876618,1619.310886222758,16,158,7,7.756926842899501,1.6506432604219405,84.19093468327753
59.36747678280925,231,26.90130642966886,1488.553301305521,14,136,5,2.129376671192356,3.9374627059688736,83.02763493596503
86.77158030594336,188,21.14895767525804,1703.1958371913813,5,186,7,7.954942776985712,1.83532374197836,84.17138823468606
76.52023676817254,336,26.18934108504769,658.051300929209,13,57,5,3.132399924159838,1.2342612211381354,78.66972487169866
74.39896433790835,141,24.859896480713633,553.3563005533225,17,56,7,7.096538168999855,3.2094645512689373,72.64761478230366
147.30105547524454,188,19.590306510140543,1262.8689341713675,17,85,6,6.092033993568967,3.3809189308776064,91.3004660499315
89.30977246667604,395,11.640653614350324,1081.3928472241541,5,67,8,9.362302454905187,4.487652245122022,94.19258979326045
139.20465551771133,427,30.537823685186023,1192.9204050064336,7,52,7,4.485902661777827,3.3079264496707275,101.56468247504566
113.11386259972629,394,19.295838230968116,1987.382613305411,12,77,5,1.595486699509964,2.381923414893783,97.8871491447528
129.48113035416486,203,30.469641083927343,1956.1249365060053,18,119,5,1.1723993699612762,4.212047526105282,99.00064507494903
100.2637093105192,113,16.312718742209555,1913.4730845097893,7,198,6,8.441727048754778,3.1611155727496842,93.33005415992635
107.69038846263591,387,10.025736996140836,1675.7640151515106,20,77,5,5.722620738952889,1.317121138524767,89.75130631076975
99.25176938188639,278,13.973457081918912,1032.2620403853357,17,103,4,7.977196466514544,3.2634022412529866,87.62670237147347
69.52429877980445,224,21.713485419214607,1118.1963953941574,8,114,8,3.109830400103632,4.632074181686649,77.17007193609456
122.24521152615053,452,33.607590873945746,1324.4240655783867,12,149,7,4.105753709619103,2.585250501992882,106.2911934229557
78.07723624408558,122,12.554840492342976,1745.8016846072599,5,70,8,1.2709348499018704,2.1853032075992003,80.54950439182565
52.43159664314538,162,31.35524436153915,603.0692487774016,17,62,6,9.65343092116701,1.5738778280720802,69.51971084674881
114.54722959071678,242,23.17560240529655,1136.445328827332,17,106,7,7.010811160307321,1.6057820877414293,82.84560856643296
67.7110679407049,252,30.648019144997416,623.926495188903,10,98,7,9.398845789833755,2.7310859373672756,67.01570834454549
144.04585843529145,244,17.459360774749815,1271.9863798602673,5,167,4,3.389467666861651,3.382719296646118,90.80312443126243
145.39285770025873,324,30.998679116811797,1848.351236009353,18,103,6,6.503172501030948,1.322461620678407,111.03929794887006
141.48643902204486,408,29.320569500420113,1673.727386845907,5,187,5,7.10649971463374,4.758274356100663,102.64912507807567
87.01587002554444,203,15.751342075785848,841.763626314665,18,102,4,3.857947302318296,4.020534469780784,64.15595660321554
51.54566165288674,203,13.283378160234452,1963.9862743981887,12,93,4,8.632983115140672,3.3464956731346507,75.56267186614805
142.83185625877252,138,31.70135806330732,1501.0255970696426,15,96,8,9.52445316610223,4.313754683755963,100.6796604030475
92.81841483173143,297,34.0809163360033,515.6415490961047,8,102,8,8.963696059264038,1.3207470272484532,71.50880645257322
146.66548190436697,233,10.782557843687906,883.1202270278293,16,123,8,7.6516027834543525,2.9073555109324976,96.3811249324246
146.3619977089253,166,28.28175167434214,891.0699498798748,5,95,4,3.497182117524586,3.5203725074466536,78.82387323908674
135.300945546736,490,32.73811277369546,603.8814594287899,14,62,5,3.5345443789506854,4.314611624473157,99.94197336201721
79.44488920695856,278,31.434002302312464,1939.7397771138935,11,151,7,9.67024288401434,4.13387824019707,96.34582245757916
88.50977286019253,141,34.11301180675521,1217.3829418638857,9,73,8,1.0925604634212283,2.1082769988535985,74.23003192865727
135.1136671516857,114,29.002351960952428,1843.721896057823,9,51,5,7.4444497591793,4.763520678236818,91.99257072143239
81.69220051562777,210,21.057469059522756,983.3232551669425,5,130,6,7.356215462997359,1.4973833657234814,77.26894611715673
66.94927466860925,256,17.79879976237826,687.8503556492407,20,149,8,6.604205868548177,4.500534474484608,83.89687497720396
105.68012624583501,388,18.018568510953187,1211.5041648593208,18,191,7,9.910979614781793,4.883760998418474,95.38182565034775
143.61547741607808,330,28.110566815352925,670.9349520714758,14,187,6,3.806914921873527,1.7086140928905023,100.79086417389388
119.6029796674973,256,28.645925300774106,1229.02325446631,15,180,6,4.059746774139233,3.888264256815141,98.0140386944131
107.0061170089365,137,15.008978588717817,1880.4457718291117,10,160,7,1.710454626519,1.1611420751119939,77.42139581629316
59.71764937707685,196,31.703070337263274,1281.152212751319,18,151,8,4.9851832288936375,2.62169130055662,85.21736809699244
111.50072266991697,388,27.873101005056192,1424.7495903426252,13,66,4,3.349436736113633,3.065133196790696,91.55362730135346
149.00538501042632,353,24.068757158584567,734.9576554607124,13,61,7,4.090480319598798,3.3225809036385363,98.41026865824084
64.0084015236524,295,21.78831150256282,565.6034388199542,12,165,7,8.511146112300649,4.743748992994238,83.05849079449075
101.83296523637367,185,23.580820144748955,666.2119432697106,9,73,7,9.419360621747462,3.6890027491767787,73.2170967586024
137.73730719279553,421,13.981143456981613,1397.7973635265485,5,78,6,2.6715976480466708,2.925111804876948,92.32001113504425
124.07686177542044,109,15.092531231906854,642.517548488457,13,171,5,4.352580383981193,4.238700145063557,86.84863702082501
119.7015740995268,104,12.279112260154792,1063.989334911967,5,139,4,9.357675059038547,4.802131283817635,82.03646178916625
120.24840839871092,222,13.841450954027817,1325.1379106872341,12,114,8,1.5562761462030037,1.0882645947291634,88.62731693245941
85.94911512197552,429,21.342340865132066,1082.9791979447705,9,133,8,1.8312447530024065,4.930085089024155,102.1755041493637
79.35918442644933,452,23.2588598432064,745.5257021979522,7,168,5,2.465118902856064,1.3445285562547213,80.82254389235302
130.93611554785136,217,10.446547311957984,910.6869612711598,15,65,7,6.356915507141872,4.257547117075045,89.31023481786106
131.01133946791808,393,29.91994569660069,1892.4762992728654,11,153,4,2.354250439053977,2.12133901020565,102.47313854367296
136.70723185801037,496,17.354199333586948,1513.9734133795332,11,141,8,9.712687433056601,1.528718631015487,103.69297355747226
141.32405525564712,258,32.79590087399778,1244.0717580198298,13,76,8,5.020430745326683,2.7594225588553396,99.11026136420362
101.13423988609378,402,34.18778159034444,519.0723349803403,11,183,7,5.513661643151497,3.575826317790454,84.75027718183382
100.15162946871996,327,14.63647186691636,1988.6231007342053,17,184,5,3.2199275422486586,2.5238073800939,96.18995092301327
129.82951789667752,464,21.552432269141516,1507.182402341965,20,82,4,5.238642271912601,1.2182616331307958,101.42257032239162
114.99639307777652,315,10.030795879160648,975.3837160174173,15,104,5,6.957222693733104,3.3978445586348665,96.0937766738569
120.19668772577033,283,24.95818162806067,1818.9029899967572,18,56,5,7.760594232586385,4.609613104442699,92.39544362395644
129.5792669436101,114,25.18266120656678,887.6474304377272,7,106,4,7.784812744389217,2.532861463789007,77.00667565780151
139.00053418175662,256,16.18849889008438,1316.0248687741273,15,175,4,6.201020014246795,1.8653311105233081,93.16010150916355
83.79951568515358,235,23.960316814579947,1454.1061455947377,17,61,8,9.139237974944715,2.7703093837312616,75.35440240101256
87.55829526399441,360,15.638503561093387,831.5950571805927,19,65,8,8.356670625754983,1.1934508441951235,84.65268642827317
59.3981939840869,256,14.020636726954752,1967.595918200894,18,92,4,7.813433032287628,4.281950337921099,88.05627120613909
107.8280140996174,146,26.28798667005662,1622.2878589684963,17,166,6,1.5004496951241455,4.3053632438007465,95.9410451135657
53.59422737967421,423,18.148136598801873,1336.719838266605,5,184,8,1.0619016599768438,3.3520018537185137,89.98427412156633
96.55980181324603,431,24.75659847214056,770.8918972629513,12,160,6,2.9120254947592565,2.412411555753558,91.8815497292324
104.26446347075766,272,20.831168724291388,580.7873104970392,16,100,4,6.9717123452210705,4.199133457783134,80.90551690075195
78.65412521282843,229,34.6087851850726,980.0897487814752,7,124,8,4.700777399942912,3.2187480991534687,72.66242185564721
109.08332605690107,194,13.739516066689145,1629.7810038701043,16,57,5,4.621656333693806,4.303729234200064,89.89165878207574
53.05002499390494,214,21.614964915895253,903.9969474530376,12,94,4,8.961281994066525,3.5258351703320825,64.72714827862345
53.734818874921444,342,27.011415658983132,1309.3343307432576,12,108,7,9.060065633186548,4.13762189285119,80.12254876243438
132.26005606596584,391,19.888627096999215,1591.9207650961148,17,181,6,9.182577376482271,3.39425197287104,116.25214659928845
86.01906414112628,381,34.36749629676724,661.9155719696965,9,153,4,3.8249026886352455,2.656564272862665,87.73347397710444
62.70605126518848,398,28.047190698173377,1527.9470241738102,17,147,4,7.219502314653356,4.83178343970455,84.86835498510362
102.22432600548044,382,26.424596439112328,637.806331565067,16,128,8,3.444698631469327,3.164455299515379,94.26513042678329
126.99935530986109,168,28.926481690280582,1947.6946131904947,17,173,8,2.715488497670048,3.4203580741621535,109.50256364021614
71.58210274968431,247,33.81621595096793,1232.5911950974094,20,53,8,2.661692116126323,1.881950557658997,76.38601338288258
112.28904758190004,110,32.69546632461601,726.014161564816,5,139,7,4.078968587772346,3.502603157709106,78.6181354930576
58.5347464993768,353,28.107132703160296,1013.5754540503198,17,153,8,4.869618578018395,3.2864305979317754,87.22183264614642
55.168172116860774,429,28.729040977532076,1120.124673942892,14,186,4,8.478542539495615,1.7393535917880998,73.34475676188757
103.13546315681481,459,13.648051850878637,1637.277516614806,11,168,8,2.079019841254409,1.2383483894125749,103.30961136385797
104.06351216101065,137,12.569810112316642,1615.135679114914,16,182,5,7.614332626554048,3.4174372788590843,89.6199804316147
113.74299014982066,233,24.272612546104106,1417.9107580059965,14,105,8,5.7830942277037485,4.054769077401282,102.06319586268097
122.60913337226616,299,10.4591909235135,658.8960688377394,9,145,7,3.5915080840839324,3.093605483688033,86.35134287238635
147.58520794625346,122,22.05890953878979,727.3540573815104,12,124,5,5.4353762607954215,1.9070905012785828,92.2811911647798
101.63003483011954,402,15.258739497971714,640.635380968335,13,192,4,3.6994786279932037,3.6660879067721397,77.29083745806834
82.29564729412459,445,18.650414191120987,1365.759174931325,15,81,4,6.364737597144754,1.320422906438409,87.591323190627
129.51861947687036,401,29.3951183948239,1815.707662267106,18,77,6,4.904595305697198,2.7673348192078184,99.01121274344528
77.08322512620742,462,33.53093760580966,1150.7007683821575,11,71,5,2.4796497617099087,1.6534670335936807,88.11476884346094
93.8971420705636,495,11.810406803658537,741.2722609366193,18,66,6,2.0492476710012704,1.7378362042395334,87.68470652629806
57.8456381342266,317,23.356055149411127,1337.0634877234506,17,108,5,5.920261138649171,1.8091757966328146,81.0779763249148
52.53507434154575,240,32.063337145489996,1717.6283252985647,19,139,5,9.12171729957493,2.5468282281759116,78.7680260718972
146.2648414677925,203,12.062713361010532,1612.568092269395,11,155,7,4.09561917901917,1.2046008224815905,89.86639171767452
133.59801205122056,309,30.612851172420847,1822.1761695125322,5,75,6,7.597000965003609,2.5911737637163927,93.0350415297226
119.59742060936979,210,18.945033773206784,916.8531458733017,19,74,7,6.927952194457903,3.0468297884588034,95.4544999248641
90.89529444142698,203,18.052367555483386,790.9308009016622,8,187,5,9.38399422878533,2.933177139865301,75.07557951050038
67.32943200708458,415,34.43665965786964,1819.7247289129082,6,94,4,8.388829155692267,2.5311364016121622,77.89401434901922
65.6437042671086,270,15.021477246557353,1486.3404691670346,6,132,5,6.099447330149167,4.3565864322830095,83.35168114482306
75.02428981645953,455,27.329848520567023,966.3933950113312,6,60,7,6.9132744841069655,1.5813067696820164,82.38436975098247
104.92266647061206,423,30.536018200246662,1613.5220758587639,8,153,6,9.085478199256315,3.022786975125496,97.30919615884325
121.45959227000624,232,11.029587381981791,1722.6775767205518,18,117,6,4.595669061282413,1.2481656678262172,95.25959053432514
116.01973767177313,475,26.759636458860307,1422.4673605116986,5,144,7,3.941152352719996,1.284622715511639,105.24938990858514
77.99338969459428,392,33.78874935888317,1531.8261648198727,19,114,6,1.0972997527167672,3.2954633987083852,92.62402780446085
145.4865280663194,427,13.105499168201483,1062.8898566639996,8,98,8,8.438959667723179,3.264073699551284,100.90671339118809
123.78969166957685,226,32.40553256712596,1308.0435010145586,6,101,4,8.208826303630284,4.512134051377828,84.38822653802121
105.43540525114007,205,24.8694159344234,1286.2387560892435,9,151,4,1.9400906629013623,3.2314947026402927,86.88366518376401
111.17207462343522,191,25.415114546561853,1772.071686696158,7,106,4,6.191716430194302,4.839164081619401,87.68759072576562
91.96000624277899,386,25.323604371640148,1759.9459704232738,19,96,6,5.1758352835019865,1.194779393599719,94.39171993391038
74.77309895011575,477,17.470897158432848,1749.0207040205648,16,75,6,2.0683818595820034,1.3920307391229643,93.74040328947619
85.59726786512616,492,33.38004538248649,516.5474213936986,12,163,5,9.825114043546511,1.1762634462815256,81.49230461815401
125.78461104643691,150,33.68376156577597,1624.3182267033324,8,54,5,2.932262987170199,1.74110740133416,93.7878189716222
51.439348862975585,128,25.632616505348693,1638.0145851665072,5,133,4,1.6051076208150503,3.1650804437667124,83.27271517575959
61.607264050691626,395,29.585568148540368,1517.5682342827126,5,101,8,6.353626415517186,3.582288725709712,91.59891668019272
54.600264202175275,396,25.30644964702895,1634.396986837179,16,154,5,7.649800094197294,1.1823406317946752,83.01459999091594
54.07288023189702,313,22.109961189351015,1762.9555572450631,14,103,5,1.2919910144246827,4.783883559382398,81.00871554486918
135.5460584011007,366,26.520502957481266,1205.4785811526785,7,64,6,6.9284587485432,4.368661506601525,93.96705042736964
120.36578593800236,356,23.82503631479896,1253.0753202326707,19,110,8,5.79062688356309,2.1864499286283725,97.53032025795274
97.41738290873252,401,24.93689656579825,687.0710853670857,13,171,4,1.9293850798754357,1.3087501209058718,80.29536869068409
59.78341606510015,200,29.59581383547155,1078.0638245710427,11,70,5,2.5527148925172587,1.679548292876229,66.93013816741183
99.16158751168324,445,22.02259578622462,1465.0477698676764,6,95,8,6.111768675844725,1.5077776550198907,102.47167312203413
97.34717707805657,209,11.01885265231182,1670.5996642209118,19,183,8,3.6672185216195956,1.4931351171957874,90.3839323653258
67.32018699100152,281,14.09998702473743,825.8136465368159,17,87,4,9.444841557861844,3.0742467546629357,72.03930525344684
93.3851649237973,412,20.96518041223846,706.7343487388531,13,111,8,8.368662065356457,1.9833897699736012,82.97239021894967
89.85047343973734,100,28.12066399685146,1494.5630067507382,14,135,8,9.852104858622967,2.432558866116578,85.45458008190961
111.58500980522165,418,24.83196620775447,502.819825287366,6,127,8,3.3370375505537258,4.95802133353729,94.2530275865483
113.50936508676438,154,26.257354646836347,767.5588764609947,7,95,5,9.727512695181794,3.737256995701379,72.20963656470404
54.53040097720445,470,21.981973214407184,543.6070705159306,15,190,4,4.881104828124021,4.795922668188005,75.5878870578077
87.46126146264712,498,25.39355054855607,750.3276767823064,17,52,8,4.127669157823791,1.5702262201324624,91.3459924078043
112.58599157142365,248,18.225435945366556,771.9789198882579,14,55,8,1.4531457427241792,2.528557899330277,83.32978402611542
100.31362585800878,408,21.75456481741663,1081.5103921255914,18,142,5,1.4748873207364235,3.218927213129417,103.31659507057445
135.64898411883223,236,28.60697663987389,1103.490687029834,6,57,4,7.228101303519892,1.307032247554952,89.9849086614119
115.8693631618945,301,31.79581947432803,1811.3937059153566,7,157,6,5.121360949906251,1.0167497745118315,87.05380823920441
66.29344270814298,412,20.841383348909723,1265.1645687482378,10,124,5,3.0386946343249512,3.68173733518767,81.80783372780982
57.056874740042986,216,11.09154144268403,1585.1071484184295,13,126,4,6.525732756927094,3.5672780672057414,74.081692156777
114.24192782063156,253,14.041813603670066,656.2060368804312,13,99,8,3.2757230642510007,2.643155239998447,80.91288676419767
52.65113105416218,390,10.521528482288453,838.1581331955408,11,60,4,6.1986857890998035,2.9585763041281306,73.86885298315661
108.57755812734632,162,26.331575480933253,1554.4151614680152,16,144,4,4.232878722844213,2.6617720023683584,83.24680798612951
144.02302414249576,343,18.307865633877725,579.2059407027921,7,119,4,8.411970039506372,1.0960201793795554,83.44616784069707
107.5474177875879,124,23.561965892984187,1229.8964933656298,8,65,6,8.386265446901014,2.3414864248698497,80.63495281499632
88.8169926206522,189,22.33192116959499,1399.0534484944008,10,117,4,5.296153583101612,1.7083290215891593,70.22459882598392
114.32882184423532,174,12.038162238810667,1403.2184660787216,15,148,6,4.157371984015141,1.393696756405475,88.94652888670574
95.82528904915166,393,20.081534028095795,534.399216902063,9,97,8,4.263038169031851,4.826881735557399,86.68618569665854
104.56167893159349,485,15.514028123058083,983.1620063437783,6,113,6,8.251430731013961,3.3974389001686625,103.01693534263651
144.14648087765252,490,20.45999471669132,1454.735976573731,17,139,8,3.953615345178508,3.9146251369464107,123.75997784548746
88.61026378007742,309,15.089457008556067,723.4996042238652,10,125,8,2.881534363361614,2.26145497306447,81.9327355841267
146.11905638239142,446,31.011310156923336,1543.1234724920798,7,188,6,1.7621950768777614,2.572588517976061,104.36233929195444
140.53506419560637,116,14.35483341445634,1618.8878132205118,20,150,5,5.200238087959676,1.947695975586894,83.55231732159308
69.57911347892964,227,34.019513787174425,1972.953785669218,18,138,7,5.339188890278577,1.387862683861699,91.5315853641523
56.936130087516545,463,20.39768415367352,814.7629922846141,12,67,4,8.568178393626164,1.7161265497663352,74.66077442578391
60.07780013774266,350,31.156132300476234,1737.6960014991728,6,68,7,2.991148268014576,4.190056181185943,95.18700592971227
51.822182565154975,278,25.719120455148627,1280.444865377981,5,104,4,4.428921463015599,3.7101832207351033,85.44784776876628
59.44429607559284,281,28.383757466643814,1060.19389421626,13,151,4,8.27565165004322,3.1877155039419076,70.68486439322714
118.30067734163569,251,29.193097201669506,683.5651359877669,18,167,8,8.412612496740762,2.9003594914670723,82.14881806414508
57.1188648460229,124,22.621122047325443,1603.2584097313063,16,183,4,4.461499683808913,4.689737134624497,78.48999487125785
81.89756302937613,279,23.58251308408221,853.7863987155306,7,53,4,5.132116209580128,1.2909397911146736,76.12524743613953
134.48753109694547,297,22.849896695218124,1057.1330028095686,15,157,6,3.7295730176435464,2.122403252951664,88.92154446515937
52.32719357358258,443,24.70145945225198,593.8133403460527,5,164,7,9.392993905773809,2.399751414282856,76.57984763287729
131.44684825889357,260,10.734861143912683,1702.0503737292786,11,78,6,2.067793891674223,4.129703248851151,105.3190873611829
78.18547747733999,276,19.88787924622538,1649.882785957465,17,108,4,9.40374480701323,4.970058480647886,78.25856664500249
61.81648276216563,384,25.15471783902929,1600.4237450634687,19,174,8,7.154798066518089,1.9626820590286123,92.78756067896443
119.67371653641507,162,24.943089131396608,949.1652657378299,14,147,6,5.784149374180581,4.4972293365483225,83.5625733958134
112.8942846779884,249,29.82390236514079,760.2201113989358,9,66,6,1.2939315470604629,4.322491041727165,87.25224755088172
137.7472013527053,253,26.375233470802712,1456.3298967053447,9,156,5,5.280365726398075,1.8986295905670665,95.4262603555283
123.50710438038858,255,34.80333290851681,1244.2495761698292,18,92,4,4.669732945024591,2.5973303207968903,90.57808663714964
130.34809303848488,469,17.096363215216126,767.3787003569623,5,129,8,2.450969307776103,2.6386914771700765,93.98382822268104
78.20345725713065,148,18.978775741655788,1528.8669065747956,19,57,6,6.907686431505912,4.912882674106234,79.93292953263179
67.74395437797229,436,19.596178796694907,1986.6896477319556,19,190,6,9.740358166314572,1.7235676055155933,101.38522626207974
125.06147516408583,183,21.645320175506214,1620.8293816130565,13,155,8,6.059699299580726,4.196631884419128,98.54319945516674
130.6834739267264,460,30.899951594530236,1609.9795800284178,11,57,4,7.4327794879955125,2.3367708566924397,103.92523335239386
149.0505142000673,276,15.894802348980246,1925.4691293958876,12,145,5,1.616054073094151,3.9234813831046416,106.7446866494478
91.26176769114265,247,29.400005175885738,804.4045513623532,13,143,6,4.759002962352953,2.6800440171826514,84.37256646383906
87.20180857927832,217,20.132754577143587,1348.3249473821606,10,114,5,2.047226366480463,3.31343905246616,80.18942111939711
127.64129607419969,441,25.046384591550215,1969.470072550825,16,88,7,6.515162519828594,4.3304470933045245,108.40335309236079
84.08035402530179,162,25.813513330657653,747.9411664552619,9,130,4,9.446339423927391,4.216662259935537,73.80547718982635
143.07573256035647,288,19.321215929723362,1550.3779391667815,10,133,7,6.955999592244747,4.4656927341588,107.70130322113445
135.8412751843012,459,22.81538013014513,1378.7152189578528,15,137,7,1.6912274348297938,1.238469301378636,100.98686357081245
92.89940273750184,148,20.325779366192425,1379.7186382830605,6,135,7,4.191995844865746,3.7682022121589793,79.37032731171666
125.08710677914974,426,11.728319654665487,1546.5059412801127,8,142,4,5.9559704149676636,1.5599495068870515,93.52109439923338
125.45428740846823,356,20.929134720420663,1894.4253843135264,7,135,4,4.62886980519927,2.663274272073644,105.83926146333187
60.31238688359326,323,12.434834813838805,1673.872909777007,17,93,8,8.502796094276551,3.194353660218754,90.10767650501315
140.25529066795667,240,20.12551997700804,584.204155124315,11,186,5,8.332039042389903,2.610957938987323,76.86111388998555
100.52523724478571,314,24.822959995794548,1779.0920298135668,13,123,5,6.506479180928993,3.07844670321203,92.37700360468433
132.64574661077415,478,24.48537248358752,838.311994888599,9,85,8,4.361121506194348,4.986105235194477,104.2230624579392
82.00496010306117,310,26.56553197520801,1065.3712471045578,10,150,8,3.2980273638691973,1.540869254851419,78.77763473692721
139.55232284962005,417,12.381537698865657,1192.5992204185732,14,153,7,1.9528688639181637,3.7018241813457022,105.58786489025499
88.92016787341632,131,26.303081138260946,1221.3590011296046,18,115,8,4.194079151378986,2.584003865542461,80.49871265716897
51.08376514802983,257,17.803701417411176,1152.7705988830353,16,104,6,4.718552654869476,1.5320391956293151,71.15146860591554
140.53819764192636,384,19.976148653427778,1906.0299413237967,16,140,5,7.082406325936662,1.6349470534972381,101.1573379140831
59.128667678613354,404,31.449656348067645,1559.0285114960368,6,71,8,6.9234384186781615,4.797092424982468,99.47041766785966
81.93136375904149,385,10.225760103238756,1446.7559689350596,20,150,6,1.6309732567713127,4.518405986847048,95.52921821628864
145.0061967050805,243,24.710315833515136,574.7630416744123,7,170,6,4.55733383888042,4.628167841660087,91.09592538649301
145.0607146937556,118,24.967849502502688,1855.869995390562,7,142,6,2.6360098049562573,4.9661311033095465,98.22806158566434
107.34378881232861,117,19.91649440858905,1864.0852880125942,16,157,6,2.4113143478512513,1.8332615600340718,84.82704177775642
113.18372121697993,356,15.925696427708404,1670.3195951451535,16,190,7,8.445719347635213,2.421757349456247,98.85068852455174
94.84455219783197,177,15.866850956538777,510.54380572042874,19,59,6,1.3772369504463178,3.676876119699467,77.38292033708916
79.32107716980646,470,32.092741741518815,585.9203766164351,13,58,7,4.772645883119091,2.935210159442589,87.87557338609923
82.8664545369916,274,21.050609344571438,837.8355534027346,19,83,7,2.5138329018986636,2.673558133513334,78.41074148147804
117.25184560770384,293,18.272234074729298,697.0241122173601,11,178,6,8.913971941106265,2.431244997342372,82.1327151390557
125.237452943768,212,21.219439345785077,1098.2540445555942,12,138,5,6.0133646194753165,3.375122527773809,90.1571470914473
129.15790437258485,213,26.734760036484033,1883.9345871316846,15,142,6,3.082425727391632,3.302373714560328,98.49885415800685
128.96181427945538,321,13.643914206118792,1208.0906512954975,20,120,6,5.521845584497388,1.6458313362569603,94.02731023272946
59.12061030486903,265,21.23584588034344,520.1039396482485,20,116,6,7.583377237328042,2.8869593500737563,72.5361611306059
99.44203047025815,418,24.697109277759672,924.118534368143,14,197,5,9.623062080274904,3.2138871048393995,91.84252118871996
55.755876001664426,231,33.71458387128584,566.8923625594423,15,166,4,2.9840140382087705,3.281147754925562,73.4251002788717
104.95288823237355,484,16.31319455188548,554.4314339202532,13,143,4,8.975635949164106,1.8404287716494072,83.44849796083645
94.1530501373377,363,18.98126869790614,913.5797796433284,10,148,7,9.408737027507412,3.969085569009147,83.15166080249556
138.77041827582997,154,19.483964748060593,913.4185080184182,8,162,7,9.247784900788597,1.1007963792842785,74.16078887495613
85.09150125520787,458,25.138453941122073,1680.689903902406,16,152,5,6.718729211757188,2.4193274221726506,101.14676698632636
61.706701642760585,230,18.91830132600004,1962.251979171668,5,140,8,6.668385889912369,4.120850594142534,90.414450736053
64.29916820528359,387,23.337798132492388,1056.8106408349975,12,139,4,4.628895698654405,3.2555716842216094,84.93523880345958
126.15106317174723,365,29.544758246125735,1143.330318291558,11,66,7,7.771580940734091,2.044649730043441,97.24751827091079
111.8218063316261,465,27.63463985280509,1767.184154429032,6,67,4,5.781646165158388,3.779812477372191,99.0506887499318
60.11226761227903,261,21.159216162814637,902.2085301432701,12,165,5,7.096942641054651,3.2695637766242935,70.47673458406348
58.41068061149974,479,31.605404441854223,734.5727066051719,16,142,5,4.856121134639159,4.184974437825549,82.31825489187841
120.096913145912,186,23.953506239846572,1779.6344351054756,9,140,8,7.583468176388251,3.9401007447592935,89.65279502261878
57.27630063641935,154,23.497645987555313,569.7508796600982,11,131,8,8.420243658440942,3.4404316881449386,73.85406851246145
132.18600592903562,387,10.854694148478954,1429.5491602991235,8,117,5,2.317926309425345,2.952710701243256,95.68889617264935
120.62422271564962,277,34.66732450892904,1342.9892712002102,9,163,7,8.496367440168052,1.5327285026700936,95.42303833733553
58.13487806418998,490,13.074270213240668,1018.8806712525414,12,50,4,5.862668786112765,2.045332071541535,78.44810994481091
58.48377140851919,448,15.778272810691165,972.7842816460385,5,107,6,8.60199318181202,2.676397891668341,75.71301753045189
148.66395785011753,107,11.292420931038174,1657.786589272432,5,158,8,4.881715357069131,3.3971971480255547,88.33161218561747
87.42707957561203,420,26.000074170922844,629.6369161438197,19,197,6,4.411364368447315,3.0548314208612193,86.98500136621293
87.06421470668909,412,15.617529424316999,855.176463967078,8,165,7,9.235546592655002,2.152738103838118,91.10525734932048
131.27995672575025,346,14.500260936818087,1598.6730977571347,7,136,8,3.2605234079356116,1.0258574311588422,92.81315117585402
144.72485773838588,422,12.213889605581034,1322.4808755896363,17,59,6,8.597910927575288,2.9849568876032557,112.02586168294876
148.6001063822871,354,12.582723928100393,691.9823128003795,14,108,7,5.356185152584637,2.1425039542489723,89.86199499212867
125.33781852589416,427,24.61676751106472,1823.2034214230903,16,90,4,5.626858982961338,3.9384332028421403,108.52446143797604
87.62595855309158,153,27.205196646664884,1090.1717698453872,6,154,7,3.7762145334053563,1.095785061081934,73.75463545792492
58.35007166986688,348,19.934474711610026,1741.8025629832593,16,182,8,6.157379805571141,3.3393112452231635,90.9186221099968
127.71469159274368,338,21.99742703980183,1681.569523291563,7,171,5,3.9269007664859017,4.765896950024262,95.68961588662445
105.8404249735805,328,27.149193399574603,1436.6381697075922,15,194,4,1.3534247281748708,1.697637068445998,91.25598289079785
92.42220092469762,166,10.43449475463699,1241.7216969426395,19,71,6,3.4479874480992043,2.8865979630023815,74.62287884995476
140.6354385094736,150,18.07826642675696,1969.3262605726354,19,147,8,1.057411390659316,1.3656879672685527,91.56296169066701
61.11974823061513,196,34.32744370175866,717.4476085697256,15,117,5,9.80519308351171,3.5027276490454105,69.67202224941836
99.26251042908592,191,24.502805742386702,1587.7335913266722,18,188,7,9.691724888377728,3.2021267223849024,85.77139403972474
51.135364476741906,363,16.35561449743733,786.7860521971835,15,105,5,4.556397677250745,2.6294620968513294,83.38296280276614
96.86606419941262,390,23.04325116590533,1007.3946579985226,5,198,8,7.555337689056814,3.085508085894965,96.10494043918392
55.63032756818374,195,18.566337203022883,963.0481150597928,5,148,8,4.112254885693825,4.586298633876041,84.42681111612598
61.88179162680719,187,23.30612472065748,1920.5539816080845,10,125,5,7.039838413773785,1.7851772092442681,72.90853130257018
61.752624677710486,177,13.143537795166221,1951.0342666824129,20,75,7,8.248870387413811,1.090258046821389,78.76199098247517
114.92103021160635,387,13.317866345481935,774.5231663520908,9,164,5,9.520806202230167,4.446659538796403,75.92078551846285
124.60448792654233,219,13.588559050984822,533.0527404462563,12,196,8,4.601910482647048,3.308468329551626,84.98725040921562
108.33687650971596,401,33.495494798171045,1580.0120594946698,6,158,8,8.049681846604429,4.56263382184737,103.41996383722292
146.21725484745417,499,28.322472958533545,1126.9849008057265,20,96,6,3.393356055689069,3.3877808936526903,111.06467142137117
87.4870579523704,264,14.059547366558022,633.2603676313465,8,120,6,9.912990734142834,4.24064435983881,75.54892130334119
78.57120862818607,281,14.708727094140036,1525.6311583655638,12,89,4,1.2319263888791603,2.7186934534205918,83.0258125898668
136.85991281894604,497,28.27073687177191,1317.6582923910496,16,182,8,6.4317592585100885,3.999439725153075,99.88242582511094
72.35958385194526,322,13.904096119804349,1970.775233001659,10,198,6,6.935553834861944,4.6521658675594235,94.74774271048385
146.32225394406112,410,15.864032333370716,841.1142437920685,5,181,5,7.19241001366716,3.288491854888825,97.77997462266424
51.21544746898164,106,34.08367082050998,1105.9668144898224,19,72,7,2.083488209101801,1.7231406022495181,76.74578883383793
146.9878826707639,429,16.382663118210797,1313.8187050931342,8,155,5,9.446768051258173,2.0751904601207927,99.89471708790235
54.31599119505761,362,26.54080875927867,1687.5499826800274,5,133,7,2.6306495114507453,1.7945783075896231,84.77292546762736
139.11431136980713,260,34.46578218501326,1323.257985080088,17,192,6,6.60478062915857,1.9874281103829317,101.63919586060507
102.77011090862999,250,19.357419178494816,1419.3502412929238,6,165,4,3.0040847121077645,2.2256617974041455,71.44587662826173
149.29647961193004,184,10.437899771551557,839.2205773849112,9,158,5,3.764947753191438,3.220535147012754,83.83914543768437
57.37965647353989,246,16.103682260559356,1770.3780921328398,18,185,5,5.918126875553119,3.351966517855331,79.60590013973287
105.38542844013207,211,30.771929783542635,1142.9458204557136,12,90,5,4.754740767081188,2.7059989889674445,81.89575546617556
146.9302535619099,480,31.61522089887592,711.4394412826539,12,161,7,2.4420304087885567,3.4616831192833417,95.69085418812269
102.30978441701488,135,29.21298411309478,1496.281871758126,15,196,6,2.5384276217876347,1.3262997024454637,90.49763791750942
112.93986381352624,384,12.827745476914325,824.1356797779613,7,161,5,4.763303093465197,1.3511529482326399,83.20370895948774
119.57486889846172,287,29.887759292410077,646.3437653589497,15,152,5,7.8155468044795064,1.6873178414306338,83.81803309893903
95.45410647677733,181,32.966944924837605,1792.9803626064083,17,95,4,9.081681821630097,3.072309992161379,85.08655461271049
112.75580800840635,101,25.015238563655902,1190.2433967326594,8,117,4,1.7571489603344457,1.8559787147932543,81.8909518491775
108.43143119231001,484,33.52188390845162,1623.9255690436646,14,171,6,4.537935168034609,2.1331376139703093,94.7852872892969
140.11580104909888,402,30.670972092796937,935.8813397095327,15,64,6,1.9022100735058896,2.6012513446919763,100.14207429617485
54.54463803414579,296,26.67428792477268,1680.4552023764995,18,178,8,1.149332325693381,4.24746449604152,99.79206255583206
78.09631895922303,110,24.429630917793702,667.9038905322955,10,160,4,6.95546814379561,1.0554485436514405,60.584496570748556
145.04114840765587,333,18.714341681049262,1033.960060692279,15,73,8,6.42204497769929,3.5975152809464896,95.05692556391071
139.02637838909163,485,13.98218613107013,1967.0927269602928,20,76,7,2.467172024333976,3.6755061241627414,114.24239721840785
95.56567527857129,294,25.12384806726352,1690.9845745520092,15,89,8,3.104315497837577,4.194623121426546,96.387744092863
112.01325978015367,218,17.95278884045299,1245.8838954720322,14,73,5,1.2133697828006653,4.731011756241253,85.96685826826359
77.73811829811326,495,31.660966688191134,1009.6662073428276,7,73,8,8.514524851249632,1.0805513957971593,86.26016718250276
68.81211597237613,119,34.83342343396571,1808.2035500337147,6,53,6,9.772215364436963,1.6151348220528647,79.0232000160212
96.36984049399823,360,28.810694065389313,1317.2716386267734,10,116,7,2.2191358311522174,4.544685176223972,94.14073250079073
85.33522280260527,392,12.262042382176269,1637.6375268036666,15,83,5,3.083276923887683,2.8340742487480615,89.61776423093262
108.3656111850872,355,17.217139888265955,1631.1615204742461,17,165,8,8.815685715522406,3.258362555733854,102.26423660454456
57.77346369649848,321,12.727740794143743,526.9185178527378,19,72,7,9.338174181605664,3.6521088148925895,73.54768071640441
147.43948076661667,492,26.262791194792893,689.3806741889202,9,158,7,4.776646445261293,3.7162664179825495,98.36626596130188
148.62107444796027,325,29.129771613894615,1489.4440495921135,18,118,5,1.4556022504216672,4.726961613266033,107.4618124593288
119.81617140197451,152,33.141870772017796,742.4297169288071,14,144,8,1.3545265032353746,4.987797669646678,90.1855934525758
103.60963663441204,454,20.95430866029969,883.240016983407,9,111,7,6.165548794621094,3.880629843723761,99.3266353800742
80.95276162863277,441,32.53439123971111,1919.9569312994108,14,106,7,4.536055980038611,2.1488848368206033,94.68254045530038
131.37950197069486,463,31.94727897603319,1340.2733875623678,17,103,4,1.2578718481988906,4.519009609177374,112.50404287539848
118.47311725538793,379,17.929892919134964,1626.0942604990207,9,119,7,6.249271530813011,1.1968836581630464,95.05853283840116
66.26169393448913,180,31.722515638514274,1336.9711081739597,14,150,4,1.1017228293012022,1.9243234114979848,69.75237848625925
141.09271844938425,301,19.39180629704316,1328.7704221740878,16,106,8,8.086347623343457,4.58954286985486,96.00744890897539
132.25372429231692,257,17.421731864007022,641.2278651885468,9,187,8,3.7578954043303443,2.02476605775742,97.73772374964187
144.9799913291924,219,26.22686646985983,1015.4947889136546,7,184,8,1.362322027083089,1.8826042384869939,92.78810015121624
122.571950838836,158,18.20953069712703,923.6463480297675,11,152,6,6.29516998884838,1.552501172560989,83.45174465212781
111.341519593579,314,25.755218708228604,1086.09254842042,10,134,8,4.579159729897492,4.436447030587666,87.1274684969288
91.82430362906189,227,25.24579513746736,1697.5162823364924,8,110,7,9.764203720214345,3.000233036764347,98.62144171616508
143.2728483354013,323,24.08597318371147,1057.8990018752972,6,52,5,5.89778796253332,3.699572812216619,97.0486317892066
136.60638895004084,308,19.51049260581994,1177.545228847524,16,177,4,3.477152629333075,1.9562655363001187,91.68453302622306
54.52186701061894,469,23.71249304128692,1096.0720857279748,13,135,6,7.384949781705773,4.0321616840448655,86.12736275149153
52.6366974497252,214,24.91213687463554,640.1119579629434,5,96,8,3.443428022884402,4.040022179848394,75.5709937468076
87.64633668780496,308,23.642172212386836,1161.6082373761756,17,125,8,9.138189622668087,2.2503920996332005,89.82716475411902
131.0553330781833,113,21.11048631878004,793.4139095667725,17,87,5,4.372497734566387,2.6427305320411314,80.25811294196866
148.72761293149443,108,10.366676426156594,780.0849436595622,15,190,5,5.948817064985847,1.8387611097208034,80.54054714347001
65.04168911035282,139,24.676542692528773,641.0541566513996,19,136,6,1.4551579344180596,4.906244093291617,78.14677829734123
109.4130715352135,336,14.211109628567991,1035.006461212647,18,107,4,4.835091141570077,3.5824103082336465,80.03254716230734
88.08908566310215,380,26.06439922367974,1636.2228271841261,8,99,8,8.491271856948956,4.738175522862062,95.34082688100804
146.99143978146031,458,28.98360819807165,914.6625358750941,5,79,6,8.250839248270077,2.2135421745165327,88.49061956828398
134.21189231357087,300,22.511132728268535,968.5236528282703,17,150,7,3.0188670296817364,4.127563651987559,102.14738377647052
133.83287047111378,345,23.55909162449346,1464.0119865086353,20,74,7,3.034711639095064,4.0634345755389685,102.22304659812228
96.86931597949703,377,33.78696399164978,793.7612188803782,20,161,6,8.35574780991913,3.766622607466166,83.25765270044505
91.48195023376653,334,31.179184034314353,1845.4368956353014,10,175,8,9.37358578152393,4.862555901067202,96.13806369781534
77.34070719307063,103,32.85591289878675,1280.2857848773317,8,172,6,1.858248291457032,2.574221344425262,76.51269012771704
55.63754966509271,253,30.34415720798966,1171.4044104803256,9,96,8,5.050527754836027,1.5228692943590292,74.64030255714177
136.47223762550533,128,12.722958546168286,1336.7302878938021,9,167,5,4.0370885106780605,3.686835436976243,81.36339008210551
131.29010091300776,208,13.724796399254867,749.0514701242932,13,88,6,8.836196099116954,3.9172392019088247,75.07305186937606
149.97176732861305,197,23.165594931723987,1420.2097079587643,5,65,8,1.751724232120169,3.3002422938352587,97.2572964452456
149.66368370739053,314,16.151741469949954,1044.6511049510157,17,71,6,2.9001334830223366,1.827271572533585,92.51505780778696
105.54317056026275,392,21.917386876028978,1845.7795114469284,6,103,6,7.772215038278449,3.0178237666774215,95.07730437902009
126.89874151805105,174,19.859133095458755,753.2813100165292,17,198,8,1.4616446408309403,2.2487589462765176,87.62674434801747
144.47657298824282,425,23.735355960761332,1260.5766557981615,10,65,8,5.432818426428604,2.7098661126667563,106.27826819970211
134.96473906774116,245,28.671892903395566,1397.168944053527,9,108,4,4.9789633121174806,3.5808743033786556,95.8488260039712
74.73481017431976,227,27.88727267748186,550.0754026795719,15,80,6,4.009610610898738,3.980858970763338,76.37590197027738
95.05441353100935,440,23.03085331213336,1045.5396871342105,11,81,7,4.551150837870314,1.9288987636053725,89.16927426823469
62.9159415151495,141,30.559835470426453,1598.9528520512492,7,58,6,5.769465282372097,2.6213014425878134,73.42038830505363
145.40510272587224,455,20.771552288450835,1730.56626117346,7,188,6,2.452306225495448,2.0766462839665167,107.30479300464135
110.617463445088,140,32.41785724600306,969.7429922259234,14,59,8,6.147962904552335,1.7945264554474765,71.74501302633033
72.86428055034628,133,11.782006751379097,1697.8899085741268,6,66,6,8.248890963699877,4.133548879983353,81.10233900551307
117.17006844058567,116,33.866500750832685,1951.6338156550833,20,117,6,7.841448368111431,4.637010777747969,99.34749360363048
111.81282404578958,264,26.367327035783706,1785.310904112641,17,97,7,2.385099142243963,2.480928742738307,107.30338443612031
85.81627180328405,252,19.501862723430133,676.4659822389879,7,160,8,2.343245227673265,4.005115697495068,94.01920576893126
61.355759219962906,477,14.928853164321934,1609.595498128311,14,172,6,3.41356930970422,4.587981157457644,91.93906914050727
117.15731955927996,175,21.97958073609,979.5002486608171,5,198,5,4.249672537069335,4.384496842120926,82.10158228588621
102.03077009037932,186,14.863958079632525,1982.6239841181148,9,150,4,4.676100232676344,1.7312535541569036,96.40094464354662
127.23183917356393,216,14.158290193578555,1228.0384747398307,18,151,7,7.117274951500107,4.825167526053445,94.75152609991461
102.01635011119933,461,25.433793935324353,683.6508475384115,19,114,6,1.5101238894925186,2.50670576171785,95.2925619825796
135.218150031854,441,23.077118114544618,1587.778322041086,16,100,5,1.3120543380345975,2.3569626446953453,98.03137340013662
105.19068387744855,126,26.752400865273543,984.5167975793208,9,85,6,4.527195066495182,1.2497253091111213,74.24584108066881
106.09379715353862,412,33.24014693554973,1995.6172356224924,16,130,6,7.274473229241824,2.944694616419532,113.4108009725012
137.66536026583452,386,23.306505333476004,1969.6736867817829,15,176,8,2.7409180866083434,1.4360544625637148,116.81523838667323
90.34828662123971,233,24.523301331569943,1484.201027030871,11,137,8,6.773540331306266,1.994159283709704,82.60562302188721
63.40152284506407,318,12.240658478873552,694.7396734275763,8,153,8,3.338453241462695,2.2677704870691255,75.09649967174076
52.8782676313339,267,27.940894647715737,1530.2914965125435,7,64,5,8.974774979321648,4.235305293966736,71.23137959196512
125.5137255673619,197,19.997630170103903,639.5457296900408,5,145,6,9.061209498399549,4.501954601583586,76.96545418010206
112.03095513534646,367,34.418130966564476,544.0462386535885,16,172,4,3.6755848385319383,2.2098652698458787,76.90934498675506
120.40797680992236,336,30.579350389891506,1734.437669332229,19,50,7,3.0699437856691647,4.434792484978296,105.39442179811921
71.29641615089108,408,23.062026012902958,814.629421525522,12,200,8,4.701735748596081,4.428923749479164,98.76931307103608
63.63714755867697,493,13.080566354304151,1068.540689328646,17,171,8,3.1647842666213384,4.058603801539494,98.20286813068935
51.45446656678819,272,31.48539483201473,1960.1860849642596,7,175,6,7.051454589625333,1.5867804560607262,87.72032221333916
85.0587558806597,500,29.99452738560054,1005.2607527916549,17,106,6,8.43458216093457,3.761291387602916,99.95535014197708
108.99176868546331,289,14.614628238425825,944.7346719249729,19,130,5,7.057829178200953,4.780096258322275,86.25440075986592
89.22440450997323,221,17.38195723050775,1877.3119994341628,6,122,5,8.419154025244145,3.7301619150686283,80.59941012987
93.74749220237291,145,29.83518145369593,666.1226679784372,15,190,8,4.572929459867267,2.326467396431336,74.7047905443003
140.41586944937484,163,14.630711163685241,1639.3736151719477,8,119,6,2.4068527363797476,3.002317269723325,84.0858795870095
84.82554670233003,229,32.94381222928443,1982.098349979161,7,55,4,7.641558526578329,3.5829001734042145,84.2371463106832
101.39894891598108,409,20.613185629909047,1851.9440161619732,17,133,7,4.2442705462739845,3.0422816349140143,89.01065452161247
128.3653012741143,462,12.175974064691466,1477.5018780596388,5,101,6,7.041437427062193,1.4798117669238793,99.681658808637
89.65427823212701,292,30.39371608760702,971.0911924890979,7,52,6,3.435795477835891,2.2482561786080826,80.55915847696969
112.20867002278735,406,19.33774207595969,881.4829717674751,16,130,5,1.731066713260054,4.20958412221453,98.30117215010141
136.23637087467452,280,23.162479853844523,1728.8826573071917,6,112,7,9.933236159389871,4.44567218438207,104.60215643720113
144.95206236576422,391,12.807608610280479,1819.732870927543,12,98,8,2.4058135713753934,1.549200130862281,108.46796846118744
64.7073480929038,470,10.064600371124559,1288.1523688185393,10,125,6,9.89578894567133,4.8095470095948984,97.65851157850652
142.65876251614944,381,25.94963014483244,866.5099111796992,13,161,8,9.795519393098026,2.3152904713944373,100.80436493051103
99.21162930795381,128,22.879379258343292,669.4148126167604,12,158,6,8.144362935172357,3.64925495492288,70.42510612177203
75.82443882989584,248,24.838464228078678,630.7692017477468,14,114,8,6.934806658737978,4.007300583826725,78.19506883381956
95.91357562382613,366,29.843596259512907,1578.6161710307833,7,130,7,6.200263452259763,4.247784938551534,85.54221947824685
148.0032575285477,395,26.165147835571503,1130.1780917715873,9,64,5,8.794913908400513,4.78299880890372,95.40653566822893
99.26180939928696,110,14.36933607068443,1858.0398114168056,11,149,7,3.6049556945753913,2.2516781921152904,82.94559010836981
82.87516102875082,263,19.019312977764997,1609.5069510901455,9,81,4,5.209130912363893,4.4340258182062176,87.03688724244694
113.34008543167258,212,32.64727761969401,786.89062687188,12,145,5,6.574509724298517,1.5267476137448281,74.41608633965407
74.0145618778193,286,29.248617506291975,1420.6661282235486,16,177,7,4.70071428282542,3.820163625414371,84.13308544817242
57.586332810866395,394,23.91592644841793,1153.258181597239,9,195,4,4.847378086812412,3.9679109180559435,73.81591430065251
62.88797219106492,331,16.39112494523181,1365.8745961529196,5,162,6,3.9725620075187598,3.7108929648052817,80.61887022714996
62.80458389577724,326,17.551512545869876,1607.1036850077758,9,132,6,6.078086350160825,2.009258944540612,91.76083860966065
65.19026935122943,409,28.298951689640862,1709.2938215056863,8,92,8,8.655170752136044,4.492172588060813,95.66318222880562
63.882717264941014,197,31.279356521319272,1765.6059896100865,10,165,5,2.813755402056816,1.67543385348158,83.85242606893163
114.08747448032146,154,26.78561673826536,880.9623118580371,7,127,6,9.409897348780973,1.2145391660833234,68.8695381829261
68.18800843991448,210,30.238249394211046,546.6733998760366,19,107,5,7.201788883734067,3.8698599624476486,64.23973730868154
84.56672833238632,251,29.16640338001015,1608.9421027471597,20,82,6,8.409458914120272,2.9019028609309347,80.60309597631127
139.6788409906012,345,13.742599198923944,659.5155893836619,15,63,8,6.005716233670105,4.396392079834705,96.21945450889541
97.39616402628724,168,20.598620322832552,972.3793829194515,9,181,7,8.015650312816572,2.533588564233036,67.57159642139672
116.75577385210272,411,13.824595020714067,505.7257011865207,6,108,8,1.1458035760552048,1.6731143540308513,84.0412461223424
67.23198712016298,388,15.88088962004962,1522.50422360243,15,132,4,8.365423823015817,4.345768769879479,84.37655082045644
69.22890188086708,349,31.731490616276314,750.6980172068319,10,183,6,1.3612497317682988,3.1956385265602867,76.7419352667893
54.08686162664789,135,21.822299140829553,1482.9236145374873,17,170,4,9.009220387265762,1.7567831695614196,57.469379443653224
